keyword,currency,avg_monthly_searches_bucket_value,competition,top_of_page_bid_low_krw,top_of_page_bid_high_krw
20 대 소개팅 앱,KRW,,알 수 없음,,
30 대 소개팅 애프터,KRW,50,낮음,,
enfj 소개팅,KRW,50,낮음,,
enfp 소개팅,KRW,50,낮음,,
entp 소개팅,KRW,50,낮음,,
esfj 소개팅,KRW,50,낮음,,
esfp 소개팅,KRW,50,낮음,,
estj 소개팅,KRW,50,낮음,,
estp 소개팅,KRW,50,낮음,,
fwb 어플 추천,KRW,50,중간,1414,5811
infj 남자 소개팅,KRW,50,낮음,,
infj 소개팅,KRW,500,낮음,,
infp 남자 소개팅,KRW,50,낮음,,
infp 여자 소개팅,KRW,50,낮음,,
intj 소개팅,KRW,500,낮음,,
intp 소개팅,KRW,500,낮음,,
intp 여자 소개팅,KRW,50,낮음,,
isfj 소개팅,KRW,500,낮음,,
isfj 여자 소개팅,KRW,50,낮음,,
isfp 소개팅,KRW,500,낮음,,
istj 소개팅,KRW,500,낮음,,
mbti 가상 소개팅,KRW,50,낮음,,
mbti 별 소개팅,KRW,50,낮음,,
mbti 소개 킹,KRW,0,알 수 없음,,
mbti 소개 티,KRW,0,알 수 없음,,
mbti 소개팅,KRW,500,낮음,722,2489
mbti 소개팅 19 여자,KRW,50,알 수 없음,,
mbti 소개팅 intp,KRW,50,알 수 없음,,
mbti 소개팅 게임,KRW,50,낮음,,
mbti 소개팅 결과,KRW,50,알 수 없음,,
mbti 소개팅 남자,KRW,50,낮음,,
mbti 소개팅 스플,KRW,50,낮음,,
mbti 소개팅 어플,KRW,50,낮음,718,2370
mbti 소개팅 여자,KRW,50,낮음,,
storyplay mbti 소개팅,KRW,0,알 수 없음,,
yeonpick,KRW,50,낮음,,
강유미 mbti 소개팅,KRW,50,낮음,,
과팅,KRW,5000,낮음,,
대학교 소개팅,KRW,50,낮음,863,2146
돈 안드는 소개팅 앱,KRW,50,높음,1754,4830
리모트 미팅 가격,KRW,50,낮음,,
리모트 미팅 앱,KRW,50,낮음,,
맞선 애프터,KRW,50,낮음,,
맞선 후 연락,KRW,50,알 수 없음,,
무료 섹파 어플,KRW,50,중간,811,2870
무료 소개팅 어플 순위,KRW,500,높음,1595,5303
미팅 애프터,KRW,500,낮음,,
미팅 앱,KRW,500,낮음,1421,5392
미팅 후 애프터,KRW,50,낮음,,
미팅 후 연락,KRW,50,낮음,,
부산대 소개팅,KRW,,알 수 없음,,
블라인드 소개팅 mbti,KRW,50,낮음,,
사진 없는 소개팅 앱,KRW,50,낮음,792,2954
삼 프터 연락,KRW,50,낮음,,
서울대 소개팅,KRW,50,낮음,,
소개팅 1 년 후 연락,KRW,50,낮음,,
소개팅 mbti,KRW,50,낮음,,
소개팅 거절 후 다시 연락,KRW,500,낮음,,
소개팅 거절 후 연락,KRW,50,낮음,,
소개팅 거절 후 재 연락,KRW,500,낮음,,
소개팅 거절 후회 연락,KRW,500,낮음,,
소개팅 까인 후 연락,KRW,50,낮음,,
소개팅 끝나고 연락,KRW,500,낮음,,
소개팅 두번째 만남 후 연락,KRW,50,낮음,,
소개팅 애프터,KRW,5000,낮음,,
소개팅 애프터 거절 후 연락,KRW,50,낮음,,
소개팅 애프터 거절 후회,KRW,500,낮음,,
소개팅 애프터 다음날,KRW,50,낮음,,
소개팅 애프터 만남,KRW,50,낮음,,
소개팅 애프터 안와요,KRW,50,낮음,,
소개팅 애프터 안하는 남자,KRW,500,낮음,,
소개팅 애프터 연락,KRW,500,낮음,,
소개팅 애프터 이후,KRW,50,낮음,,
소개팅 애프터 일주일,KRW,50,낮음,,
소개팅 애프터 전 연락,KRW,500,낮음,,
소개팅 애프터 후,KRW,50,낮음,,
소개팅 애프터 후 연락,KRW,500,낮음,,
소개팅 앱 비교,KRW,50,낮음,,
소개팅 앱 추천,KRW,500,중간,1669,6649
소개팅 앱 추천 디시,KRW,500,낮음,2000,7427
소개팅 어플 순위 2021,KRW,0,알 수 없음,,
소개팅 어플 순위 디시,KRW,50,낮음,2738,13780
소개팅 어플 추천,KRW,500,중간,1942,6929
소개팅 어플 추천 디시,KRW,500,중간,2205,8233
소개팅 오늘 즐거웠 어요,KRW,50,알 수 없음,,
소개팅 일주일 후 연락,KRW,50,낮음,,
소개팅 잘 들어가 셨나요,KRW,50,낮음,,
소개팅 재 연락,KRW,50,낮음,,
소개팅 전 매일 연락,KRW,50,낮음,,
소개팅 전 연락 텀,KRW,500,낮음,,
소개팅 직후 연락,KRW,50,낮음,,
소개팅 차이고 연락,KRW,50,낮음,,
소개팅 차인 후 연락,KRW,50,낮음,,
소개팅 첫 만남 후 연락,KRW,50,낮음,,
소개팅 한달 후 연락,KRW,50,낮음,,
소개팅 후 계속 연락,KRW,50,낮음,,
소개팅 후 남자 심리,KRW,50,낮음,,
소개팅 후 남자 연락,KRW,50,낮음,,
소개팅 후 다음날 연락,KRW,50,낮음,,
소개팅 후 답장 속도,KRW,500,낮음,,
소개팅 후 마음 에 안들 때 연락,KRW,500,낮음,,
소개팅 후 매너 연락,KRW,50,낮음,,
소개팅 후 매일 연락,KRW,500,낮음,,
소개팅 후 애프터,KRW,500,낮음,,
소개팅 후 애프터 없는 남자,KRW,50,낮음,,
소개팅 후 애프터 카톡,KRW,50,낮음,,
소개팅 후 여자 먼저 연락,KRW,50,낮음,,
소개팅 후 연락,KRW,5000,낮음,,
소개팅 후 연락 3 일,KRW,500,낮음,,
소개팅 후 연락 만 하는 남자,KRW,50,낮음,,
소개팅 후 연락 없는 남자,KRW,500,낮음,,
소개팅 후 연락 없는 여자,KRW,500,낮음,,
소개팅 후 연락 없으면,KRW,500,낮음,,
소개팅 후 연락 텀,KRW,500,낮음,,
소개팅 후 예 의상 연락,KRW,500,낮음,,
소개팅 후 카톡 만,KRW,50,낮음,,
스카이 피플 매칭 후 연락,KRW,50,낮음,,
스플 mbti,KRW,50,낮음,,
스플 mbti 소개팅,KRW,50,낮음,,
스플 mbti 소개팅 남자,KRW,0,알 수 없음,,
스플 mbti 소개팅 여자,KRW,0,알 수 없음,,
시스코 미팅 앱,KRW,50,알 수 없음,,
썸 타임,KRW,500,낮음,483,1465
썸 타임 사이트,KRW,50,낮음,,
썸 타임 후기,KRW,50,낮음,483,4126
썸 탈 때 연락,KRW,50,낮음,,
아이폰 소개팅 어플 추천,KRW,50,높음,,
애프터 거절 후 연락,KRW,50,낮음,,
애프터 약속 후 연락,KRW,50,낮음,,
애프터 잡고 연락 없는,KRW,50,낮음,,
애프터 후 연락,KRW,500,낮음,,
애프터 후 연락 없는 남자,KRW,500,낮음,,
애프터 후 연락 없는 여자,KRW,50,낮음,,
엠비 티아이 소개팅,KRW,50,낮음,,
엠비 티아이 소개팅 여자,KRW,50,알 수 없음,,
여자 mbti 소개팅,KRW,0,알 수 없음,,
여자 친구 과팅,KRW,50,낮음,,
연픽,KRW,5000,낮음,870,2198
연픽 매칭,KRW,50,낮음,,
연픽 미팅,KRW,50,낮음,,
연픽 소개팅,KRW,50,낮음,1301,3707
연픽 소개팅 후기,KRW,50,낮음,,
연픽 후기,KRW,500,낮음,,
원나잇 어플 추천,KRW,50,중간,1157,4513
유부녀 어플 추천,KRW,50,중간,988,3440
인팁 소개팅,KRW,50,낮음,,
인프 제 소개팅,KRW,50,낮음,,
직장인 소개팅 어플,KRW,50,높음,1522,6624
짝꿍 소개팅,KRW,50,중간,1136,4868
카이스트 소개팅,KRW,50,낮음,,
커넥팅 만남,KRW,50,낮음,,
클럽 트웬티,KRW,50,낮음,869,4428
하루야,KRW,5000,낮음,763,2132
하루야 도,KRW,50,낮음,,
하루야 우메 코지,KRW,500,낮음,712,2173
